Start Date:,4/28/2023,Start Time:,12:00 AM
End Date:,4/28/2023,End Time:,5:50 PM

Product:,Whole Corn,,Parameters:,Moisture,Protein As is,Oil As is,Fiber As is,Ash As is,Starch As is
,,,Target:,,,,,,
Sample ID,Date,Time,,,,,,,
MV$Inbred-HIPS$Rep1$Plot222$Row58$Range27$B73,4/28/2023,11:28 AM,,6.48,10.73,4.03,1.02,0.98,63.02
MV$Inbred-HIPS$Rep1$Plot222$Row58$Range27$B73,4/28/2023,11:29 AM,,6.48,10.71,3.9,1.02,0.97,63.07
MV$Inbred-HIPS$Rep1$Plot222$Row58$Range27$B73,4/28/2023,11:29 AM,,6.28,10.73,3.91,1.05,0.96,63.16
MV$Inbred-HIPS$Rep2$Plot192$Row59$Range66$CS405,4/28/2023,11:30 AM,,5.39,10.54,4.25,0.55,1.17,65.16
MV$Inbred-HIPS$Rep2$Plot192$Row59$Range66$CS405,4/28/2023,11:31 AM,,5.42,10.59,4.25,0.56,1.16,65.12
MV$Inbred-HIPS$Rep2$Plot192$Row59$Range66$CS405,4/28/2023,11:33 AM,,5.4,10.63,4.26,0.57,1.15,65.27
MV$Inbred-HIPS$Rep1$Plot58$Row56$Range9$LH145,4/28/2023,11:34 AM,,6.1,12.91,3.89,1.86,1.23,60.31
MV$Inbred-HIPS$Rep1$Plot58$Row56$Range9$LH145,4/28/2023,11:34 AM,,6.01,12.93,3.65,1.86,1.22,60.4
MV$Inbred-HIPS$Rep1$Plot58$Row56$Range9$LH145,4/28/2023,11:34 AM,,6.06,12.88,3.65,1.87,1.22,60.58
MV$Inbred-HIPS$Rep2$Plot288$Row53$Range76$HP301,4/28/2023,11:35 AM,,6.73,11.91,4.29,2.4,0.89,55.86
MV$Inbred-HIPS$Rep2$Plot288$Row53$Range76$HP301,4/28/2023,11:36 AM,,6.43,11.83,4.3,2.4,0.88,55.97
MV$Inbred-HIPS$Rep2$Plot288$Row53$Range76$HP301,4/28/2023,11:36 AM,,6.49,11.93,4.32,2.42,0.88,56.02
MV$Inbred-HIPS$Rep1$Plot221$Row57$Range27$CS405,4/28/2023,11:37 AM,,5.86,10.36,4.82,0.46,1.17,64.04
MV$Inbred-HIPS$Rep1$Plot221$Row57$Range27$CS405,4/28/2023,11:37 AM,,5.77,10.16,4.84,0.46,1.16,64.24
MV$Inbred-HIPS$Rep1$Plot221$Row57$Range27$CS405,4/28/2023,11:37 AM,,5.87,10.21,4.85,0.45,1.16,64.29
MV$Inbred-HIPS$Rep1$Plot56$Row54$Range9$A635,4/28/2023,11:38 AM,,6.8,14.17,3.61,1.65,1.27,60.17
MV$Inbred-HIPS$Rep1$Plot56$Row54$Range9$A635,4/28/2023,11:39 AM,,6.75,13.99,3.62,1.65,1.24,60.19
MV$Inbred-HIPS$Rep1$Plot56$Row54$Range9$A635,4/28/2023,11:39 AM,,6.77,14.07,3.48,1.65,1.24,60.29
MV$Inbred-HIPS$Rep1$Plot205$Row59$Range25$Va26,4/28/2023,11:40 AM,,5.74,11.03,4.38,1.26,1.01,64.64
MV$Inbred-HIPS$Rep1$Plot205$Row59$Range25$Va26,4/28/2023,11:40 AM,,5.79,10.85,4.38,1.27,1,64.83
MV$Inbred-HIPS$Rep1$Plot205$Row59$Range25$Va26,4/28/2023,11:41 AM,,5.84,11.04,4.31,1.29,0.99,64.89
MV$Inbred-HIPS$Rep1$Plot220$Row56$Range27$H49,4/28/2023,11:41 AM,,6.05,12.06,4.03,1.1,0.99,63.28
MV$Inbred-HIPS$Rep1$Plot220$Row56$Range27$H49,4/28/2023,11:42 AM,,6.04,12.05,4.06,1.12,0.99,63.45
MV$Inbred-HIPS$Rep1$Plot220$Row56$Range27$H49,4/28/2023,11:42 AM,,6,11.97,4.04,1.12,0.98,63.48
MV$Inbred-HIPS$Rep2$Plot128$Row54$Range59$B73,4/28/2023,11:44 AM,,6.53,10.38,3.42,1.46,1.11,62.6
MV$Inbred-HIPS$Rep2$Plot128$Row54$Range59$B73,4/28/2023,11:45 AM,,6.54,10.6,3.43,1.45,1.1,62.53
MV$Inbred-HIPS$Rep2$Plot128$Row54$Range59$B73,4/28/2023,11:45 AM,,6.39,10.62,3.31,1.46,1.09,62.64
MV$Inbred-HIPS$Rep1$Plot4$Row56$Range3$AK-29,4/28/2023,11:46 AM,,6.26,12.11,5.39,0.28,1.1,61.02
MV$Inbred-HIPS$Rep1$Plot4$Row56$Range3$AK-29,4/28/2023,11:46 AM,,6.22,12.14,5.38,0.29,1.09,61.06
MV$Inbred-HIPS$Rep1$Plot4$Row56$Range3$AK-29,4/28/2023,11:46 AM,,6.29,12.08,5.39,0.31,1.08,61.12
MV$Inbred-HIPS$Rep1$Plot109$Row53$Range15$B73,4/28/2023,11:51 AM,,5.97,11.25,4.33,1.32,1,63.72
MV$Inbred-HIPS$Rep1$Plot109$Row53$Range15$B73,4/28/2023,11:52 AM,,5.94,11.17,3.94,1.34,0.98,63.63
MV$Inbred-HIPS$Rep1$Plot109$Row53$Range15$B73,4/28/2023,11:52 AM,,5.98,11.23,3.95,1.34,0.98,63.69
MV$Inbred-HIPS$Rep2$Plot287$Row54$Range76$MoG,4/28/2023,11:53 AM,,5.99,12.6,5.43,0.76,1.11,58.98
MV$Inbred-HIPS$Rep2$Plot287$Row54$Range76$MoG,4/28/2023,11:53 AM,,6.07,12.26,5.38,0.77,1.1,58.96
MV$Inbred-HIPS$Rep2$Plot287$Row54$Range76$MoG,4/28/2023,11:53 AM,,6.07,12.26,5.4,0.74,1.09,58.95
MV$Inbred-HIPS$Rep1$Plot372$Row59$Range44$CI.7,4/28/2023,11:54 AM,,5.68,12.54,3,2.67,0.87,58.81
MV$Inbred-HIPS$Rep1$Plot372$Row59$Range44$CI.7,4/28/2023,11:55 AM,,5.66,12.44,3.03,2.67,0.86,58.88
MV$Inbred-HIPS$Rep1$Plot372$Row59$Range44$CI.7,4/28/2023,11:55 AM,,5.84,12.62,3.2,2.66,0.85,58.52
MV$Inbred-HIPS$Rep1$Plot228$Row59$Range28$B52,4/28/2023,11:56 AM,,6.49,10.83,4.58,0.74,0.95,61.42
MV$Inbred-HIPS$Rep1$Plot228$Row59$Range28$B52,4/28/2023,11:56 AM,,6.4,10.75,4.61,0.75,0.95,60.92
MV$Inbred-HIPS$Rep1$Plot228$Row59$Range28$B52,4/28/2023,11:56 AM,,6.3,10.8,4.6,0.74,0.94,61.16
MV$Inbred-HIPS$Rep1$Plot229$Row58$Range28$PB80,4/28/2023,11:57 AM,,6.13,9.08,4.09,1.1,1.09,64.84
MV$Inbred-HIPS$Rep1$Plot229$Row58$Range28$PB80,4/28/2023,11:57 AM,,6.14,9.16,4.11,1.11,1.09,65.03
MV$Inbred-HIPS$Rep1$Plot229$Row58$Range28$PB80,4/28/2023,11:57 AM,,6.16,9.08,4.12,1.11,1.08,65
MV$Inbred-HIPS$Rep1$Plot61$Row59$Range9$PHG86,4/28/2023,11:58 AM,,7.13,10.5,4.05,1.81,0.99,61.6
MV$Inbred-HIPS$Rep1$Plot61$Row59$Range9$PHG86,4/28/2023,11:58 AM,,7.05,10.4,4.09,1.8,0.99,61.66
MV$Inbred-HIPS$Rep1$Plot61$Row59$Range9$PHG86,4/28/2023,11:59 AM,,6.82,10.64,4.08,1.79,0.97,62.03
MV$Inbred-HIPS$Rep1$Plot312$Row58$Range37$5707,4/28/2023,12:02 PM,,5.57,9.19,3.75,0.96,0.85,65.58
MV$Inbred-HIPS$Rep1$Plot312$Row58$Range37$5707,4/28/2023,12:03 PM,,5.6,9.26,3.72,0.96,0.83,65.6
MV$Inbred-HIPS$Rep1$Plot312$Row58$Range37$5707,4/28/2023,12:03 PM,,5.48,9.21,3.72,0.96,0.83,66.16
MV$Inbred-HIPS$Rep1$Plot212$Row57$Range26$Va85,4/28/2023,12:04 PM,,6.19,9.75,4.45,0.91,0.93,64.1
MV$Inbred-HIPS$Rep1$Plot212$Row57$Range26$Va85,4/28/2023,12:04 PM,,6.1,9.9,4.47,0.92,0.92,64.1
MV$Inbred-HIPS$Rep1$Plot212$Row57$Range26$Va85,4/28/2023,12:04 PM,,6.14,9.79,4.49,1.06,0.91,64.43
MV$Inbred-HIPS$Rep1$Plot143$Row54$Range18$ND246,4/28/2023,12:05 PM,,5.58,13.44,4.83,1.08,1.09,59.65
MV$Inbred-HIPS$Rep1$Plot143$Row54$Range18$ND246,4/28/2023,12:05 PM,,5.6,13.37,4.84,1.12,1.08,59.78
MV$Inbred-HIPS$Rep1$Plot143$Row54$Range18$ND246,4/28/2023,12:06 PM,,5.6,13.42,4.83,1.11,1.08,59.65
MV$Inbred-HIPS$Rep2$Plot322$Row55$Range80$CML103,4/28/2023,12:07 PM,,5.87,10.87,4.08,0.95,0.94,64.6
MV$Inbred-HIPS$Rep2$Plot322$Row55$Range80$CML103,4/28/2023,12:07 PM,,5.9,10.64,4.09,0.93,0.93,64.63
MV$Inbred-HIPS$Rep2$Plot322$Row55$Range80$CML103,4/28/2023,12:08 PM,,5.83,10.72,3.84,0.95,0.92,64.83
MV$Inbred-HIPS$Rep1$Plot60$Row58$Range9$ML606,4/28/2023,12:09 PM,,6.25,11.58,3.77,1.03,0.92,63.45
MV$Inbred-HIPS$Rep1$Plot60$Row58$Range9$ML606,4/28/2023,12:09 PM,,6.23,11.34,3.76,1.03,0.91,63.65
MV$Inbred-HIPS$Rep1$Plot60$Row58$Range9$ML606,4/28/2023,12:09 PM,,6.15,11.17,3.71,1.02,0.9,63.39
MV$Inbred-HIPS$Rep2$Plot185$Row57$Range65$NC326,4/28/2023,12:10 PM,,6.2,9.83,4.12,1.63,1.18,60.19
MV$Inbred-HIPS$Rep2$Plot185$Row57$Range65$NC326,4/28/2023,12:10 PM,,6.24,9.64,4.26,1.61,1.18,60.17
MV$Inbred-HIPS$Rep2$Plot185$Row57$Range65$NC326,4/28/2023,12:11 PM,,6.2,9.51,4.31,1.59,1.16,60.03
MV$Inbred-HIPS$Rep1$Plot13$Row58$Range4$CI187-2,4/28/2023,12:13 PM,,6.17,12.37,4.32,1.06,0.98,61.2
MV$Inbred-HIPS$Rep1$Plot13$Row58$Range4$CI187-2,4/28/2023,12:14 PM,,6.1,12.26,4.3,1.07,0.97,61.05
MV$Inbred-HIPS$Rep1$Plot13$Row58$Range4$CI187-2,4/28/2023,12:14 PM,,6.02,12.41,4.17,1.06,0.97,61.09
MV$Inbred-HIPS$Rep2$Plot167$Row57$Range63$NC344,4/28/2023,12:14 PM,,6.1,9.91,4.78,0.42,0.89,62.16
MV$Inbred-HIPS$Rep2$Plot167$Row57$Range63$NC344,4/28/2023,12:15 PM,,6.03,9.8,4.76,0.4,0.88,62.34
MV$Inbred-HIPS$Rep2$Plot167$Row57$Range63$NC344,4/28/2023,12:15 PM,,6.02,9.9,4.81,0.41,0.87,62.34
MV$Inbred-HIPS$Rep1$Plot4$Row56$Range3$AK-29,4/28/2023,12:17 PM,,5.81,11.52,4.35,0.58,1.08,61.19
MV$Inbred-HIPS$Rep1$Plot4$Row56$Range3$AK-29,4/28/2023,12:18 PM,,6.03,11.53,4.37,0.75,1.12,61.76
MV$Inbred-HIPS$Rep1$Plot4$Row56$Range3$AK-29,4/28/2023,12:18 PM,,5.78,11.37,4.4,0.52,1.02,61.8
MV$Inbred-HIPS$Rep1$Plot4$Row56$Range3$AK-29,4/28/2023,12:19 PM,,6.03,11.53,5.17,0.41,1.09,61.2
MV$Inbred-HIPS$Rep2$Plot278$Row60$Range75$MQ305,4/28/2023,12:59 PM,,6.85,10.73,4.2,0.76,1.08,62.63
MV$Inbred-HIPS$Rep2$Plot278$Row60$Range75$MQ305,4/28/2023,12:59 PM,,6.86,11.03,4.22,0.76,1.07,62.68
MV$Inbred-HIPS$Rep2$Plot278$Row60$Range75$MQ305,4/28/2023,12:59 PM,,6.94,10.77,4.33,0.78,1.06,62.74
MV$Inbred-HIPS$Rep2$Plot278$Row60$Range75$MQ305,4/28/2023,1:00 PM,,6.91,10.67,4.35,0.76,1.05,62.82
MV$Inbred-HIPS$Rep1$Plot136$Row61$Range18$H105W,4/28/2023,1:01 PM,,5.98,10.81,3.89,1.69,0.91,62.59
MV$Inbred-HIPS$Rep1$Plot136$Row61$Range18$H105W,4/28/2023,1:02 PM,,5.87,10.71,3.89,1.69,0.89,62.88
MV$Inbred-HIPS$Rep1$Plot136$Row61$Range18$H105W,4/28/2023,1:02 PM,,5.84,10.93,3.9,1.72,0.89,63.03
MV$Inbred-HIPS$Rep2$Plot129$Row55$Range59$N28Ht,4/28/2023,3:26 PM,,6.75,10.1,4.05,1.48,1.08,65.58
MV$Inbred-HIPS$Rep2$Plot129$Row55$Range59$N28Ht,4/28/2023,3:26 PM,,7.11,10.14,3.56,1.35,1.02,65.88
MV$Inbred-HIPS$Rep2$Plot129$Row55$Range59$N28Ht,4/28/2023,3:26 PM,,6.99,9.86,3.65,1.25,1,65.64
MV$Inbred-HIPS$Rep2$PlotFill$Row53$Range86$Fill,4/28/2023,3:28 PM,,6.47,12.85,3.67,1.71,1,60.92
MV$Inbred-HIPS$Rep2$PlotFill$Row53$Range86$Fill,4/28/2023,3:29 PM,,6.49,12.45,3.33,1.54,0.93,61.14
MV$Inbred-HIPS$Rep2$PlotFill$Row53$Range86$Fill,4/28/2023,3:29 PM,,6.48,12.58,3.32,1.54,0.93,61.07
MV$Inbred-HIPS$Rep1$Plot141$Row56$Range18$A554,4/28/2023,3:31 PM,,5.73,13.47,4.93,0.72,1.03,60.86
MV$Inbred-HIPS$Rep1$Plot141$Row56$Range18$A554,4/28/2023,3:31 PM,,5.32,13.59,4.68,0.77,0.96,60.54
MV$Inbred-HIPS$Rep1$Plot141$Row56$Range18$A554,4/28/2023,3:32 PM,,5.56,13.82,4.48,0.76,0.91,61.07
MV$Inbred-HIPS$Rep1$Plot224$Row60$Range27$B73,4/28/2023,3:35 PM,,6.22,11.09,4.24,1.03,1.04,64.35
MV$Inbred-HIPS$Rep1$Plot224$Row60$Range27$B73,4/28/2023,3:36 PM,,6.21,11.76,4.26,1.31,1.03,62.82
MV$Inbred-HIPS$Rep1$Plot224$Row60$Range27$B73,4/28/2023,3:37 PM,,6.15,11.51,4.15,1.32,1.01,63.51
MV$Inbred-HIPS$Rep1$Plot216$Row53$Range26$POP-N-EAT,4/28/2023,3:40 PM,,5.08,11.32,3.48,1.37,0.67,62.64
MV$Inbred-HIPS$Rep1$Plot216$Row53$Range26$POP-N-EAT,4/28/2023,3:40 PM,,5.63,11.47,3.75,1.31,0.7,61.05
MV$Inbred-HIPS$Rep1$Plot216$Row53$Range26$POP-N-EAT,4/28/2023,3:41 PM,,5.25,11.46,4.09,1.33,0.72,60.62
MV$Inbred-HIPS$Rep1$Plot217$Row53$Range27$CI64,4/28/2023,3:42 PM,,6.18,10.9,4,1.03,0.89,64.32
MV$Inbred-HIPS$Rep1$Plot217$Row53$Range27$CI64,4/28/2023,3:43 PM,,5.96,10.32,4.31,0.79,0.92,64.26
MV$Inbred-HIPS$Rep1$Plot217$Row53$Range27$CI64,4/28/2023,3:43 PM,,5.96,10.68,4.32,0.89,0.92,64.42
MV$Inbred-HIPS$Rep1$Plot213$Row56$Range26$NC366,4/28/2023,3:47 PM,,5.83,13.71,5.68,0.28,1.29,62.37
MV$Inbred-HIPS$Rep1$Plot213$Row56$Range26$NC366,4/28/2023,3:53 PM,,5.42,14.47,5.12,0.64,1.3,61.79
MV$Inbred-HIPS$Rep1$Plot213$Row56$Range26$NC366,4/28/2023,3:55 PM,,5.42,14.27,4.82,0.9,1.29,61.99
MV$Inbred-HIPS$Rep1$Plot194$Row57$Range24$B84,4/28/2023,3:59 PM,,6.49,10.79,2.98,1.52,1.09,62.93
MV$Inbred-HIPS$Rep1$Plot194$Row57$Range24$B84,4/28/2023,4:01 PM,,6.34,11.47,3.49,1.45,1.09,63.61
MV$Inbred-HIPS$Rep1$Plot194$Row57$Range24$B84,4/28/2023,4:01 PM,,6.19,10.63,3.44,1.35,1.01,64.06
MV$Inbred-HIPS$Rep1$Plot313$Row59$Range37$LH150,4/28/2023,4:03 PM,,4.52,12.93,3.52,2.25,0.95,61.47
MV$Inbred-HIPS$Rep1$Plot313$Row59$Range37$LH150,4/28/2023,4:04 PM,,4.69,12.37,3.68,2.16,0.91,61.57
MV$Inbred-HIPS$Rep1$Plot313$Row59$Range37$LH150,4/28/2023,4:04 PM,,4.82,12.63,3.81,2.07,0.92,61.35
MV$Inbred-HIPS$Rep1$Plot6$Row58$Range3$A188,4/28/2023,4:06 PM,,6.78,12.27,3.57,1.88,1.01,60.4
MV$Inbred-HIPS$Rep1$Plot6$Row58$Range3$A188,4/28/2023,4:07 PM,,7,12.51,3.59,1.72,1.08,60.12
MV$Inbred-HIPS$Rep1$Plot6$Row58$Range3$A188,4/28/2023,4:07 PM,,6.76,12.58,4.47,1.61,1.13,59.51
MV$Inbred-HIPS$Rep2$Plot74$Row54$Range53$PHG72,4/28/2023,4:08 PM,,4.91,11.95,4.57,0.7,0.93,63.53
MV$Inbred-HIPS$Rep2$Plot74$Row54$Range53$PHG72,4/28/2023,4:09 PM,,4.95,11.87,5.26,0.68,1.07,63.13
MV$Inbred-HIPS$Rep2$Plot74$Row54$Range53$PHG72,4/28/2023,4:09 PM,,4.67,11.8,4.84,0.73,1.01,62.88
MV$Inbred-HIPS$Rep1$Plot7$Row59$Range3$F42,4/28/2023,4:13 PM,,5.65,12.4,3.75,1.42,1.09,63.76
MV$Inbred-HIPS$Rep1$Plot7$Row59$Range3$F42,4/28/2023,4:13 PM,,6.28,12.67,3.94,1.6,1.21,59.73
MV$Inbred-HIPS$Rep1$Plot7$Row59$Range3$F42,4/28/2023,4:14 PM,,6.17,12.88,3.7,1.46,1.15,60.95
MV$Inbred-HIPS$Rep1$Plot115$Row59$Range15$A239,4/28/2023,4:16 PM,,6.42,10.91,3.68,1.01,0.98,64.51
MV$Inbred-HIPS$Rep1$Plot115$Row59$Range15$A239,4/28/2023,4:16 PM,,5.96,10.72,3.54,0.77,0.94,65.04
MV$Inbred-HIPS$Rep1$Plot115$Row59$Range15$A239,4/28/2023,4:17 PM,,6.24,11.14,4.22,0.82,1.01,63.78
MV$Inbred-HIPS$Rep2$Plot190$Row61$Range66$B97,4/28/2023,4:18 PM,,5.67,10.23,4.12,1.34,0.9,64.65
MV$Inbred-HIPS$Rep2$Plot190$Row61$Range66$B97,4/28/2023,4:20 PM,,5.47,10.7,4.67,1.51,0.9,63.75
MV$Inbred-HIPS$Rep2$Plot190$Row61$Range66$B97,4/28/2023,4:20 PM,,5.64,10.24,4.35,1.6,0.94,64.85
MV$Inbred-HIPS$Rep2$Plot190$Row61$Range66$B97,4/28/2023,4:21 PM,,5.7,10.3,4.25,1.6,0.96,65.34
MV$Inbred-HIPS$Rep2$Plot190$Row61$Range66$B97,4/28/2023,4:21 PM,,5.64,10.46,4.73,1.55,0.94,64.39
MV$Inbred-HIPS$Rep1$Plot204$Row58$Range25$B76,4/28/2023,4:23 PM,,5.6,11.81,4.14,1.92,0.99,62.6
MV$Inbred-HIPS$Rep1$Plot204$Row58$Range25$B76,4/28/2023,4:23 PM,,5.6,10.75,3.57,1.85,0.94,62.95
MV$Inbred-HIPS$Rep1$Plot204$Row58$Range25$B76,4/28/2023,4:24 PM,,5.46,11.79,3.95,2.23,0.97,61.44
MV$Inbred-HIPS$Rep2$Plot135$Row61$Range59$BO9,4/28/2023,4:25 PM,,6.52,12.42,4.51,1.25,1.07,61.81
MV$Inbred-HIPS$Rep2$Plot135$Row61$Range59$BO9,4/28/2023,4:26 PM,,6.3,12.46,4.59,1.22,1.07,60.89
MV$Inbred-HIPS$Rep2$Plot135$Row61$Range59$BO9,4/28/2023,4:26 PM,,6.43,12.33,4.86,1.11,1.04,60.23
MV$Inbred-HIPS$Rep2$Plot277$Row59$Range75$2FACC,4/28/2023,4:27 PM,,6.36,7.98,3.77,0.93,0.98,66.06
MV$Inbred-HIPS$Rep2$Plot277$Row59$Range75$2FACC,4/28/2023,4:27 PM,,10.45,5.89,-0.27,-4.18,0.36,74.64
MV$Inbred-HIPS$Rep2$Plot277$Row59$Range75$2FACC,4/28/2023,4:28 PM,,6.41,8.37,3.76,1.09,0.95,65.67
MV$Inbred-HIPS$Rep2$Plot277$Row59$Range75$2FACC,4/28/2023,4:28 PM,,6.43,8.18,3.63,1.26,0.96,66.36
MV$Inbred-HIPS$Rep2$Plot131$Row57$Range59$LH38,4/28/2023,4:29 PM,,6.32,13.02,4.2,2.07,1.21,59.45
MV$Inbred-HIPS$Rep2$Plot131$Row57$Range59$LH38,4/28/2023,4:30 PM,,6.48,12.99,3.95,2.27,1.14,60.15
MV$Inbred-HIPS$Rep2$Plot131$Row57$Range59$LH38,4/28/2023,4:30 PM,,6.46,12.78,3.91,2.22,1.13,60.2
MV$Inbred-HIPS$Rep1$Plot321$Row56$Range38$B73,4/28/2023,4:31 PM,,5.55,9.04,4.21,1.07,0.99,66.18
MV$Inbred-HIPS$Rep1$Plot321$Row56$Range38$B73,4/28/2023,4:32 PM,,5.56,9.45,3.53,1.37,1.03,63.92
MV$Inbred-HIPS$Rep1$Plot321$Row56$Range38$B73,4/28/2023,4:32 PM,,5.58,9.21,3.53,1.3,1,63.7
MV$Inbred-HIPS$Rep1$Plot315$Row61$Range37$LH123HT,4/28/2023,4:34 PM,,5.15,12,3.53,1.76,0.89,61.84
MV$Inbred-HIPS$Rep1$Plot315$Row61$Range37$LH123HT,4/28/2023,4:36 PM,,5.34,12.14,3.81,1.95,0.96,61.51
MV$Inbred-HIPS$Rep1$Plot315$Row61$Range37$LH123HT,4/28/2023,4:37 PM,,5.29,12.25,4.19,1.83,0.94,61.54
MV$Inbred-HIPS$Rep1$Plot313$Row59$Range37$LH150,4/28/2023,4:37 PM,,5.6,13.51,3,1.99,0.88,61.3
MV$Inbred-HIPS$Rep1$Plot313$Row59$Range37$LH150,4/28/2023,4:38 PM,,5.53,13.43,3.48,2.02,0.89,61.31
MV$Inbred-HIPS$Rep1$Plot313$Row59$Range37$LH150,4/28/2023,4:40 PM,,4.75,13.28,3.03,1.95,0.86,62.95
MV$Inbred-HIPS$Rep1$Plot142$Row55$Range18$B73,4/28/2023,4:41 PM,,6.09,11.27,3.84,1.4,0.94,63.6
MV$Inbred-HIPS$Rep1$Plot142$Row55$Range18$B73,4/28/2023,4:42 PM,,5.91,10.53,3.97,1.13,0.92,64.24
MV$Inbred-HIPS$Rep1$Plot142$Row55$Range18$B73,4/28/2023,4:44 PM,,5.67,10.49,4.03,1.31,0.92,64.26
MV$Inbred-HIPS$Rep1$Plot63$Row61$Range9$NC362,4/28/2023,4:45 PM,,6.22,11.67,3.76,1.41,1.03,61.61
MV$Inbred-HIPS$Rep1$Plot63$Row61$Range9$NC362,4/28/2023,4:46 PM,,5.85,11.62,3.71,1.48,0.98,62.65
MV$Inbred-HIPS$Rep1$Plot63$Row61$Range9$NC362,4/28/2023,4:46 PM,,6.39,11.57,3.83,1.43,1.02,61.83
MV$Inbred-HIPS$Rep1$Plot375$Row56$Range44$AK-56,4/28/2023,4:47 PM,,5.6,12.47,3.9,1.31,0.94,62.52
MV$Inbred-HIPS$Rep1$Plot375$Row56$Range44$AK-56,4/28/2023,4:48 PM,,5.67,12.54,3.99,1.34,0.97,62.47
MV$Inbred-HIPS$Rep1$Plot375$Row56$Range44$AK-56,4/28/2023,4:48 PM,,5.84,12.34,3.84,1.28,0.95,61.9
MV$Inbred-HIPS$Rep1$Plot131$Row57$Range17$B57,4/28/2023,4:49 PM,,5.98,11.72,3.42,1.26,0.96,61.84
MV$Inbred-HIPS$Rep1$Plot131$Row57$Range17$B57,4/28/2023,4:49 PM,,6.36,11.51,4.01,1.23,1,62.15
MV$Inbred-HIPS$Rep1$Plot131$Row57$Range17$B57,4/28/2023,4:50 PM,,6.29,11.47,3.74,1.24,0.98,63.1
MV$Inbred-HIPS$Rep2$Plot204$Row58$Range67$R229,4/28/2023,4:51 PM,,5.24,12.44,3.73,1.43,1.06,60.83
MV$Inbred-HIPS$Rep2$Plot204$Row58$Range67$R229,4/28/2023,4:52 PM,,5.54,12.93,3.68,1.48,1.07,61.82
MV$Inbred-HIPS$Rep2$Plot204$Row58$Range67$R229,4/28/2023,4:52 PM,,5.81,12.39,3.69,1.61,1.12,60.32
MV$Inbred-HIPS$Rep1$Plot129$Row55$Range17$CM105,4/28/2023,4:53 PM,,6.03,13.15,3.54,1.52,0.89,60.16
MV$Inbred-HIPS$Rep1$Plot129$Row55$Range17$CM105,4/28/2023,4:54 PM,,5.78,12.99,3.53,1.76,0.86,59.55
MV$Inbred-HIPS$Rep1$Plot129$Row55$Range17$CM105,4/28/2023,4:54 PM,,5.89,13.39,3.53,1.59,0.83,59.93
MV$Inbred-HIPS$Rep1$Plot10$Row61$Range4$29MIBZ2,4/28/2023,4:55 PM,,6.12,11.3,3.86,1.13,1.06,62.57
MV$Inbred-HIPS$Rep1$Plot10$Row61$Range4$29MIBZ2,4/28/2023,4:56 PM,,6.19,11.91,4.6,0.98,1.14,62.82
MV$Inbred-HIPS$Rep1$Plot10$Row61$Range4$29MIBZ2,4/28/2023,4:57 PM,,6.01,11.83,4.63,0.96,1.08,62.13
MV$Inbred-HIPS$Rep2$Plot171$Row61$Range63$CQ702RC,4/28/2023,4:58 PM,,4.68,12.63,4.91,1.61,1.38,58.93
MV$Inbred-HIPS$Rep2$Plot171$Row61$Range63$CQ702RC,4/28/2023,4:58 PM,,5.16,13.17,4.63,1.49,1.32,59.25
MV$Inbred-HIPS$Rep2$Plot171$Row61$Range63$CQ702RC,4/28/2023,4:59 PM,,5.2,13.24,3.92,1.88,1.31,59.23
MV$Inbred-HIPS$Rep1$Plot199$Row53$Range25$MQ305,4/28/2023,5:01 PM,,5.54,9.06,3.78,1.44,1.15,66.24
MV$Inbred-HIPS$Rep1$Plot199$Row53$Range25$MQ305,4/28/2023,5:04 PM,,5.6,9.94,3.73,1.25,1.11,62.82
MV$Inbred-HIPS$Rep1$Plot199$Row53$Range25$MQ305,4/28/2023,5:05 PM,,5.61,9.82,3.97,1.13,1.02,62.91
MV$Inbred-HIPS$Rep1$Plot117$Row61$Range15$NC236,4/28/2023,5:06 PM,,5.96,10.26,5.11,0.8,1.28,61.69
MV$Inbred-HIPS$Rep1$Plot117$Row61$Range15$NC236,4/28/2023,5:07 PM,,6.28,10.55,4.54,0.84,1.27,64.44
MV$Inbred-HIPS$Rep1$Plot117$Row61$Range15$NC236,4/28/2023,5:10 PM,,5.75,10.29,4,0.72,1.05,64.39
MV$Inbred-HIPS$Rep2$Plot329$Row57$Range81$LH213,4/28/2023,5:11 PM,,6.07,9.78,4.68,1.12,0.95,63.23
MV$Inbred-HIPS$Rep2$Plot329$Row57$Range81$LH213,4/28/2023,5:12 PM,,6.45,9.84,4.41,1.07,0.99,64.57
MV$Inbred-HIPS$Rep2$Plot329$Row57$Range81$LH213,4/28/2023,5:13 PM,,6.37,9.94,4.73,1.06,1.11,63.97
MV$Inbred-HIPS$Rep1$Plot362$Row54$Range43$B75,4/28/2023,5:15 PM,,5.96,10.05,4.64,0.66,1.06,64.36
MV$Inbred-HIPS$Rep1$Plot362$Row54$Range43$B75,4/28/2023,5:16 PM,,6.24,9.68,4.35,0.86,1.02,65.4
MV$Inbred-HIPS$Rep1$Plot362$Row54$Range43$B75,4/28/2023,5:16 PM,,6.01,9.82,5.17,0.31,1.07,63.86
MV$Inbred-HIPS$Rep1$Plot71$Row54$Range10$792,4/28/2023,5:17 PM,,6.53,12.38,3.8,1.45,1,63.25
MV$Inbred-HIPS$Rep1$Plot71$Row54$Range10$792,4/28/2023,5:17 PM,,6.15,12.28,3.14,1.3,0.96,63.21
MV$Inbred-HIPS$Rep1$Plot71$Row54$Range10$792,4/28/2023,5:18 PM,,6.25,12.46,4.31,1.37,1.09,63.05
MV$Inbred-HIPS$Rep2$Plot191$Row60$Range66$R4,4/28/2023,5:19 PM,,5.09,14.4,4.28,1.1,1.21,58.59
MV$Inbred-HIPS$Rep2$Plot191$Row60$Range66$R4,4/28/2023,5:20 PM,,5.48,14.36,4.35,1.14,1.14,60.59
MV$Inbred-HIPS$Rep2$Plot191$Row60$Range66$R4,4/28/2023,5:21 PM,,5.72,14.26,4.58,1.26,1.16,60.88
MV$Inbred-HIPS$Rep2$Plot89$Row54$Range54$NC350,4/28/2023,5:22 PM,,5.87,13.2,4.94,0.78,1.06,60.81
MV$Inbred-HIPS$Rep2$Plot89$Row54$Range54$NC350,4/28/2023,5:22 PM,,5.68,13.23,4.97,0.74,1.03,60.64
MV$Inbred-HIPS$Rep2$Plot89$Row54$Range54$NC350,4/28/2023,5:23 PM,,5.74,13.05,5.13,0.8,1.02,60.66
MV$Inbred-HIPS$Rep1$Plot57$Row55$Range9$B73,4/28/2023,5:24 PM,,6.25,11.06,3.96,1.24,0.94,63.33
MV$Inbred-HIPS$Rep1$Plot57$Row55$Range9$B73,4/28/2023,5:25 PM,,6.1,10.36,3.86,1.16,0.89,64.34
MV$Inbred-HIPS$Rep1$Plot57$Row55$Range9$B73,4/28/2023,5:26 PM,,6.12,10.92,3.55,1.17,0.89,63.91
MV$Inbred-HIPS$Rep1$Plot122$Row57$Range16$Pa762,4/28/2023,5:27 PM,,6.13,12.44,4.52,1.48,1.17,63.06
MV$Inbred-HIPS$Rep1$Plot122$Row57$Range16$Pa762,4/28/2023,5:27 PM,,6.25,11.88,4.13,1.49,1.18,62.9
MV$Inbred-HIPS$Rep1$Plot122$Row57$Range16$Pa762,4/28/2023,5:27 PM,,6.38,12.28,4.56,1.55,1.19,62.89
MV$Inbred-HIPS$Rep1$Plot1$Row53$Range3$L127,4/28/2023,5:28 PM,,5.8,11.42,4.37,1.12,1.03,62.89
MV$Inbred-HIPS$Rep1$Plot1$Row53$Range3$L127,4/28/2023,5:29 PM,,5.93,10.89,4.48,0.98,0.95,62.79
MV$Inbred-HIPS$Rep1$Plot376$Row55$Range44$AK-50,4/28/2023,5:30 PM,,5.58,11.73,4.04,1.22,0.98,62.64
MV$Inbred-HIPS$Rep1$Plot376$Row55$Range44$AK-50,4/28/2023,5:30 PM,,5.78,11.16,3.81,1.29,0.96,63.8
MV$Inbred-HIPS$Rep1$Plot376$Row55$Range44$AK-50,4/28/2023,5:31 PM,,5.51,11.84,3.52,1.57,0.94,62.57
MV$Inbred-HIPS$Rep2$Plot133$Row59$Range59$N192,4/28/2023,5:31 PM,,6.56,13.38,4.32,1.49,1.15,61.86
MV$Inbred-HIPS$Rep2$Plot133$Row59$Range59$N192,4/28/2023,5:32 PM,,6.64,13.12,4,1.54,1.14,62.42
MV$Inbred-HIPS$Rep2$Plot133$Row59$Range59$N192,4/28/2023,5:32 PM,,6.64,13.07,4.29,1.42,1.17,62.44
MV$Inbred-HIPS$Rep2$Plot372$Row59$Range86$R109B,4/28/2023,5:33 PM,,6.36,10.58,3.47,1.37,0.93,63.26
MV$Inbred-HIPS$Rep2$Plot372$Row59$Range86$R109B,4/28/2023,5:34 PM,,6.52,10.4,3.6,1.4,0.89,63.48
MV$Inbred-HIPS$Rep2$Plot372$Row59$Range86$R109B,4/28/2023,5:34 PM,,6.61,10.88,3.45,1.37,0.91,63.48
MV$Inbred-HIPS$Rep2$Plot273$Row55$Range75$B73,4/28/2023,5:35 PM,,6.41,8.02,3.87,1.07,0.96,66.24
MV$Inbred-HIPS$Rep2$Plot273$Row55$Range75$B73,4/28/2023,5:35 PM,,6.41,8.48,3.82,1.23,0.98,66.48
MV$Inbred-HIPS$Rep2$Plot273$Row55$Range75$B73,4/28/2023,5:35 PM,,6.31,8.27,3.95,1.3,0.98,65.5
MV$Inbred-HIPS$Rep2$Plot286$Row55$Range76$IC I740,4/28/2023,5:36 PM,,6.2,10.29,4.01,1.61,1.04,64.29
MV$Inbred-HIPS$Rep2$Plot286$Row55$Range76$IC I740,4/28/2023,5:37 PM,,6.28,10.57,3.68,1.52,0.96,63.61
MV$Inbred-HIPS$Rep2$Plot286$Row55$Range76$IC I740,4/28/2023,5:37 PM,,5.82,10.61,3.48,1.75,0.98,63.87
MV$Inbred-HIPS$Rep2$Plot194$Row57$Range66$Mo17,4/28/2023,5:38 PM,,5.49,12.05,3.76,1.79,1.03,60.08
MV$Inbred-HIPS$Rep2$Plot194$Row57$Range66$Mo17,4/28/2023,5:38 PM,,5.56,11.76,4.06,1.84,1.08,59.39
MV$Inbred-HIPS$Rep2$Plot194$Row57$Range66$Mo17,4/28/2023,5:38 PM,,5.82,11.43,4.05,2.08,1.11,59.12
MV$Inbred-HIPS$Rep1$Plot230$Row57$Range28$Seagull Seventeen,4/28/2023,5:40 PM,,6.32,11.61,3.98,1.59,1.19,58.8
MV$Inbred-HIPS$Rep1$Plot230$Row57$Range28$Seagull Seventeen,4/28/2023,5:40 PM,,6.26,11.62,3.97,1.75,1.2,59.01
MV$Inbred-HIPS$Rep1$Plot230$Row57$Range28$Seagull Seventeen,4/28/2023,5:41 PM,,6.02,11.97,3.79,1.89,1.18,58.58
MV$Inbred-HIPS$Rep2$Plot178$Row55$Range64$CI21E,4/28/2023,5:42 PM,,5.62,11.4,3.93,1.22,0.82,61
MV$Inbred-HIPS$Rep2$Plot178$Row55$Range64$CI21E,4/28/2023,5:42 PM,,5.69,11.87,3.67,1.57,0.86,61.92
MV$Inbred-HIPS$Rep2$Plot178$Row55$Range64$CI21E,4/28/2023,5:43 PM,,6.07,11.78,3.89,1.27,0.86,59.77
MV$Inbred-HIPS$Rep1$Plot121$Row58$Range16$LH51,4/28/2023,5:44 PM,,6.16,10.75,3.88,1.33,0.91,63.43
MV$Inbred-HIPS$Rep1$Plot121$Row58$Range16$LH51,4/28/2023,5:44 PM,,6.01,10.59,3.89,1.49,0.92,63.55
MV$Inbred-HIPS$Rep1$Plot121$Row58$Range16$LH51,4/28/2023,5:44 PM,,5.86,10.68,3.53,1.67,0.89,63.7
MV$Inbred-HIPS$Rep1$Plot119$Row60$Range16$LH93,4/28/2023,5:45 PM,,5.83,11.75,4.2,0.9,1.29,61.14
MV$Inbred-HIPS$Rep1$Plot119$Row60$Range16$LH93,4/28/2023,5:46 PM,,6.16,11.45,3.86,1.12,1.33,63.5
MV$Inbred-HIPS$Rep1$Plot119$Row60$Range16$LH93,4/28/2023,5:46 PM,,5.74,11.58,4.34,0.95,1.33,60.88
MV$Inbred-HIPS$Rep2$Plot315$Row61$Range79$T8,4/28/2023,5:47 PM,,5.08,10.84,4.34,0.95,0.89,63.87
MV$Inbred-HIPS$Rep2$Plot315$Row61$Range79$T8,4/28/2023,5:48 PM,,5.24,10.73,3.68,1.21,0.84,65.31
MV$Inbred-HIPS$Rep2$Plot315$Row61$Range79$T8,4/28/2023,5:48 PM,,5.15,11.01,4.01,0.91,0.87,64.79
,,,Average:,6.01,11.40,4.09,1.25,1.02,62.46

