SAM2022,reseq
11430,11430
207,PH207
29MIBZ2,29MIBZ2
2FACC,2FACC
2MA22,2MA22
33-16,33.16
38-11,38.11
3IIH6,DK3IIH6
4226,4226
4676A,DK4676A
4722,4722
5707,AS5707
6F629,6F629
764,764
778,NK778
779,779
78004,DK78004
78010,78010
78371A,DK78371A
78551S,78551S
792,792
793,793
807,NK807
A188,A188
A239,A239
A441-5,A441.5
A554,A554
A556,A556
A6,A6
A619,A619
A632,A632
A634,A634
A635,A635
A641,A641
A654,A654
A659,A659
A661,A661
A679,A679
A680,A680
A682,A682
AQA3,AQA3
B10,B10
B103,B103
B104,B104
B109,B109
B14A,B14A
B164,B164
B2,B2
B37,B37
B46,B46
B52,B52
B57,B57
B64,B64
B68,B68
B73,B73
B75,B75
B76,B76
B77,B77
B79,B79
B84,B84
B97,B97
BLACK JEWELL 85,NA
BO9,BO9
C103,C103
C49A,C49A
CH701-30,CH701.30
CH9,CH9
CI.7,Ci7Goodman.Buckler
CI187-2,CI_187.2
CI21E,CI_21E
CI28A,CI_28A
CI31A,CI31A
CI3A,CI_3A
CI64,CI_64
CI66,CI66
CI90C,CI90C
CI91B,CI_91B
CM105,CM105
CM174,NA
CM37,CM37
CM7,CM7
CML10,CML10
CML103,NA
CML108,CML_108
CML154Q,CML_154Q
CML157Q,CML157Q
CML220,CML_220
CML238,CML238
CML247,CML_247
CML254,CML_254
CML261,CML261
CML264,CML_264
CML277,CML_277
CML281,CML281
CML287,CML_287
CML311,CML311
CML321,CML321
CML322,CML_322
CML323,CML_323
CML328,CML328
CML331,CML331
CML332,CML332
CML333,CML333
CML38,CML38
CML5,CML5
CML52,CML_52
CML61,CML61
CML69,CML69
CML91,CML_91
CML92,CML92
CMV3,CMV3
CO106,CO106
CO125,CO125
CO255,CO255
CQ702RC,CQ702RC
CR14,CR14
CR1HT,CR1HT
CS405,CS405
D940Y,D940Y
DE1,DE1
DE811,DE811
DE_2,DE2
DJ7,DJ7
E2558W,E2558W
E8501,E8501
EP1,EP1
F118,F118
F2834T,F2834T
F42,F42
F6,F6
F7,F7
FAPW,DKFAPW
FBHJ,DKFBHJ
FBLA,FBLA
FR19,FR19
G80,G80
GA209,GA209
H105W,H105W
H49,H49
H84,H84
H8431,NKH8431
H91,H91
H95,H95
H99,H99
HB8229,HB8229
HBA1,DKHBA1
HI27,Hi27Goodman.Buckler
HP301,HP301
HY,Hy
I137TN,I137TN
I205,I_205
I29,I29
IA2132,IA2132
IA5125,Ia5125
ICI 740,ICI_740
IDS28,IDS28
IDS69,IDS69
IDS91,IDS91
IL101,Il101
IL14H,Il14H
IL677A,i1677a
K148,K148
K4,K4
K55,K55
K64,K64
KI11,Ki11
KI14,Ki14
KUI2021,Ki2021
KUI44,Ki44
KY21,Ky21
KY226,Ky226
KY228,Ky228
L127,L_127
L317,L317
L578,L578
LH1,LH1
LH123HT,LH123HT
LH145,LH145
LH146HT,LH146Ht
LH150,LH150
LH183,LH183
LH208,LH208
LH213,LH213
LH38,LH38
LH39,LH39
LH51,LH51
LH54,LH54
LH57,LH57
LH60,LH60
LH74,LH74
LH82,LH82
LH85,LH85
LH93,LH93
LP1 NR HT,LP1_NR_Ht
LP5,LP5
M14,M14
M162W,M162W
M37W,M37W
MBNA,DKMBNA
MBST,MBST
ML606,ML606
MO17,Mo17
MO18W,MO18W
MO1W,Mo1W
MO24W,Mo24W
MO44,Mo44
MO45,Mo45
MO46,Mo46
MO47,Mo47
MOG,MoG
MQ305,MQ305
MS1334,MS1334
MS71,MS71
MT42,Mt42
N192,N192
N28HT,N28Ht
N6,N6
N7A,N7A
NC222,NC222
NC230,NC230
NC232,NC232
NC236,NC236
NC238,NC238
NC250,NC250
NC258,NC258
NC260,NC260
NC262,NC262
NC264,NC264
NC290A,NC290A
NC294,NC294
NC296,NC296
NC298,NC298
NC300,NC300
NC302,NC302
NC306,NC306
NC310,NC310
NC314,NC314
NC318,NC318
NC320,NC320
NC324,NC324
NC326,NC326
NC328,NC328
NC33,NC33
NC336,NC336
NC338,NC338
NC340,NC340
NC342,NC342
NC344,NC344
NC346,NC346
NC348,NC348
NC350,NC350
NC352,NC352
NC356,NC356
NC358,NC358
NC360,NC360
NC362,NC362
NC364,NC364
NC366,NC366
NC368,NC368
ND246,ND246
NQ508,NQ508
NS501,NS501
NS701,NS701
OH40B,Oh40B
OH43,Oh43
OH43E,Oh43E
OH7B,Oh7B
OQ403,OQ403
OS420,Os420
P39,P39
PA762,Pa762
PA875,Pa875
PA880,Pa880
PA91,Pa91
PHG35,PHG35
PHG39,PHG39
PHG47,PHG47
PHG50,PHG50
PHG71,PHG71
PHG72,PHG72
PHG83,PHG83
PHG84,PHG84
PHG86,PHG86
PHH93,PHH93
PHJ40,PHJ40
PHK76,PHK76
PHN11,PHN11
PHR36,PHR36
PHT77,PHT77
PHV63,PHV63
PHW17,PHW17
PHW43,PHW43
PHW65,PHW65
PHWG5,PHWG5
PHZ51,PHZ51
POP-N-EAT,NA
Q381,Q381
R109B,NA
R168,R168
R177,R177
R229,R229
R4,R4
RS 710,RS_710
S8324,S8324
S8326,S8326
SA24,SA24
SC213R,SC213R
SC357,SC357
SC55,SC55
SD40,SD40
SD44,SD44
SEAGULL SEVENTEEN,Seagull_Seventeen
SG1533,Sg_1533
SG18,Sg_18
T232,T232
T234,T234
T8,T8
TX303,Tx303
TX601,Tx601
TZI10,Tzi10
TZI11,Tzi11
TZI16,Tzi16
TZI18,Tzi18
TZI25,Tzi25
TZI9,Tzi9
VA102,Va102
VA14,Va14
VA17,Va17
VA22,Va22
VA26,Va26
VA35,Va35
VA59,Va59
VA85,Va85
VA99,Va99
VAW6,VaW6
W117HT,W117HT
W153R,W153R
W182B,W182B
W22,W22
W64A,W64A
WF9,Wf9
YU796_NS,YU796NS
ZS365,ZS365
